,Name,Appearances,Goals,Wins,Losses,Goals per match,Headed goals,Goals with right foot,Goals with left foot,Penalties scored,Freekicks scored,Shots,Shots on target,Shooting accuracy %,Hit woodwork,Big chances missed,Assists,Passes,Passes per match,Big Chances Created,Crosses,Yellow cards,Red cards,Fouls,Offsides,Tackles,Blocked shots,Interceptions,Clearances,Headed Clearance,Accurate long balls,Aerial battles lost,Aerial battles won,Cross accuracy %,Duels lost,Duels won,Errors leading to goal,Recoveries,Successful 50/50s,Tackle success %,Through balls
0,Emmanuel Longelo,0,0,0,0,0.00,0,0,0,0,0,0,0,0%,0,0,0,0,0.00,0,0,0,0,0,0,0,0,0,0,0,,,,,,,,,,,
1,Ayoze Pérez,203,43,69,88,0.21,6,31,6,1,0,305,127,42%,7,26,14,"3,892",19.17,26,218,11,1,212,53,270,71,146,101,43,,,,,,,,,,,
2,Sadio Mané,236,99,142,42,0.42,12,60,27,0,0,557,232,42%,16,86,36,"7,254",30.74,57,349,24,3,276,149,278,122,114,66,36,,,,,,,,,,,
3,Raúl Jiménez,93,35,39,29,0.38,9,22,4,6,0,272,92,34%,8,24,15,"2,506",26.95,29,61,9,0,102,63,58,63,52,87,67,,,,,,,,,,,
4,Dwight Gayle,139,26,32,74,0.19,3,16,7,2,2,177,66,37%,5,28,7,"1,315",9.46,6,69,8,1,83,37,63,44,27,43,26,,,,,,,,,,,
5,Steven Bergwijn,38,4,20,9,0.11,0,4,0,0,0,31,13,42%,1,6,5,720,18.95,2,27,5,0,28,1,26,7,7,16,1,,,,,,,,,,,
6,Yoshinori Muto,25,1,3,16,0.04,0,0,1,0,0,7,3,43%,0,2,0,145,5.8,0,5,1,0,15,5,11,1,5,3,2,,,,,,,,,,,
7,Hélder Costa,48,4,17,21,0.08,0,1,3,0,0,42,13,31%,0,6,5,750,15.63,3,71,3,0,41,9,43,14,12,10,6,,,,,,,,,,,
8,Theo Walcott,371,78,184,104,0.21,3,63,12,0,0,647,278,43%,19,82,54,"5,922",15.96,62,983,10,0,114,171,240,146,164,84,31,,,,,,,,,,,
9,Adalberto Peñaranda,0,0,0,0,0.00,0,0,0,0,0,0,0,0%,0,0,0,0,0.00,0,0,0,0,0,0,0,0,0,0,0,,,,,,,,,,,
10,Odsonne Édouard,4,2,1,1,0.50,0,0,2,0,0,7,4,57%,1,1,0,42,10.50,0,0,0,0,1,0,1,1,0,3,2,,,,,,,,,,,
11,Lewis Dobbin,2,0,1,0,2,0,0,0,0,0,0,0,0%,0,0,0,4,2.00,0,0,0,0,0,0,1,0,0,0,0,,,,,,,,,,,
12,Tammy Abraham,89,26,36,33,0.29,3,20,1,0,0,164,68,41%,3,30,5,922,10.36,7,32,2,0,56,39,25,31,12,55,45,,,,,,,,,,,
13,Ignacio Pussetto,7,0,1,4,0.00,0,0,0,0,0,0,0,0%,0,0,0,29,4.14,0,4,1,0,3,0,7,0,3,3,1,,,,,,,,,,,
14,Marcus Rashford,179,55,96,33,0.31,4,43,8,6,1,379,167,44%,10,50,30,"4,115",22.99,32,294,16,1,114,79,92,95,43,79,40,,,,,,,,,,,
15,Dane Scarlett,1,0,1,0,0.00,0,0,0,0,0,0,0,0%,0,0,0,0,0.00,0,0,0,0,0,0,0,0,0,0,0,,,,,,,,,,,
16,Divock Origi,101,19,61,17,0.19,6,11,2,0,0,96,41,43%,5,10,6,917,9.08,3,71,1,0,47,26,37,22,8,12,5,,,,,,,,,,,
17,Leonardo Campana,0,0,0,0,0.00,0,0,0,0,0,0,0,0%,0,0,0,0,0.00,0,0,0,0,0,0,0,0,0,0,0,,,,,,,,,,,
18,Cristiano Ronaldo,200,87,134,29,0.43,9,49,10,11,9,558,208,37%,14,2,34,"3,652",18.26,0,428,27,4,55,46,68,163,42,62,5,,,,,,,,,,,
19,Jürgen Locadia,34,3,7,21,0.09,0,1,2,0,0,36,12,33%,1,4,1,401,11.79,1,16,1,0,24,13,16,9,10,9,4,,,,,,,,,,,
20,Saman Ghoddos,2,0,0,0,0.00,0,0,0,0,0,2,0,0%,0,0,0,25,12.50,1,2,0,0,1,0,4,2,0,1,0,,,,,,,,,,,
21,Mohamed Salah,165,103,111,21,0.62,6,13,84,14,0,590,265,45%,12,81,37,"4,734",28.69,58,242,5,0,87,83,79,149,28,23,12,,,,,,,,,,,
22,Andy Carroll,248,54,84,101,0.22,24,6,24,2,1,544,174,32%,12,49,22,"4,822",19.44,28,114,34,2,329,80,105,111,74,330,202,,,,,,,,,,,
23,Willian,259,38,148,56,0.15,1,34,3,5,5,411,147,36%,16,20,38,"8,898",34.36,55,"1,107",21,1,135,37,258,118,108,58,26,,,,,,,,,,,
24,Diogo Jota,93,28,42,22,0.30,5,14,9,0,0,191,84,44%,5,30,6,"2,147",23.09,18,94,18,0,117,10,77,45,28,25,18,,,,,,,,,,,
25,Jan Mlakar,0,0,0,0,0.00,0,0,0,0,0,0,0,0%,0,0,0,0,0.00,0,0,0,0,0,0,0,0,0,0,0,,,,,,,,,,,
26,Halil Dervisoglu,0,0,0,0,0.00,0,0,0,0,0,0,0,0%,0,0,0,0,0.00,0,0,0,0,0,0,0,0,0,0,0,,,,,,,,,,,
27,Raphinha,37,9,17,15,0.24,0,1,8,0,1,91,31,34%,4,6,9,"1,093",29.54,14,207,5,0,21,15,45,26,34,30,20,,,,,,,,,,,
28,Lewis Richardson,2,0,0,2,0.00,0,0,0,0,0,0,0,0%,0,0,0,1,0.50,0,0,0,0,0,0,0,0,0,0,0,,,,,,,,,,,
29,Chris Wood,144,48,44,64,0.33,16,22,9,3,0,254,123,48%,9,55,7,"2,305",16.01,10,32,5,0,127,151,43,40,8,83,60,,,,,,,,,,,
30,Shola Shoretire,2,0,2,0,0.00,0,0,0,0,0,0,0,0%,0,0,0,6,3.00,0,0,0,0,0,0,0,0,0,0,0,,,,,,,,,,,
31,Richarlison,147,39,58,57,0.27,9,17,12,1,0,358,116,32%,8,36,12,"3,195",21.73,27,196,23,2,152,80,240,101,66,149,107,,,,,,,,,,,
32,Ian Poveda-Ocampo,14,0,4,6,0.00,0,0,0,0,0,5,3,60%,0,0,0,111,7.93,3,9,0,0,5,2,5,2,1,2,0,,,,,,,,,,,
33,Lucas Moura,109,17,56,37,0.16,3,10,4,0,0,133,46,35%,2,18,9,"2,355",21.61,10,71,9,0,90,23,136,35,62,70,53,,,,,,,,,,,
34,Jamie Vardy,252,124,105,90,0.49,13,80,31,26,0,557,269,48%,19,99,39,"3,456",13.71,59,283,22,3,205,235,141,99,63,124,83,,,,,,,,,,,
35,Danny Ings,147,57,46,62,0.39,8,34,14,8,0,328,135,41%,11,31,15,"2,498",16.99,17,118,13,0,110,65,135,78,42,66,38,,,,,,,,,,,
36,Son Heung-Min,203,73,115,49,0.36,4,42,27,1,1,435,190,44%,16,39,40,"4,916",24.22,45,408,4,2,82,115,142,115,71,46,20,,,,,,,,,,,
37,Adam Armstrong,22,1,1,16,0.05,0,1,0,0,0,29,9,31%,0,2,1,172,7.82,2,17,1,0,12,1,11,8,1,2,1,,,,,,,,,,,
38,Keinan Davis,33,1,6,16,0.03,0,0,1,0,0,26,7,27%,1,3,1,209,6.33,1,6,0,0,16,3,3,5,0,5,4,,,,,,,,,,,
39,Isaac Success,54,2,17,27,0.04,1,1,0,0,0,44,18,41%,0,7,2,497,9.20,4,28,7,0,38,13,31,12,10,20,15,,,,,,,,,,,
40,Daniel N'Lundulu,13,0,3,7,0.00,0,0,0,0,0,1,0,0%,0,0,0,29,2.23,0,0,0,0,6,1,0,0,0,2,1,,,,,,,,,,,
41,Ademola Lookman,74,5,21,28,0.07,0,4,1,0,0,106,34,32%,4,8,7,"1,531",20.69,13,158,5,0,66,16,59,36,31,15,6,,,,,,,,,,,
42,Philip Zinckernagel,0,0,0,0,0.00,0,0,0,0,0,0,0,0%,0,0,0,0,0.00,0,0,0,0,0,0,0,0,0,0,0,,,,,,,,,,,
43,Jarrod Bowen,65,10,26,26,0.15,0,2,6,0,0,97,30,31%,2,13,10,"1,038",15.97,15,217,0,0,25,21,58,38,44,10,3,,,,,,,,,,,
44,Neal Maupay,77,22,21,29,0.29,3,13,6,5,0,182,69,38%,1,21,5,"1,463",19.00,9,26,6,1,69,29,46,55,18,14,5,,,,,,,,,,,
45,Pedro Neto,60,8,23,19,0.13,0,2,6,0,0,78,27,35%,1,7,9,"1,368",22.80,14,253,7,0,38,8,25,24,37,8,5,,,,,,,,,,,
46,Salomón Rondón,144,35,40,62,0.24,12,12,9,0,1,337,105,31%,11,31,14,"2,978",20.68,13,90,8,1,148,106,52,87,41,144,99,,,,,,,,,,,
47,Moise Kean,32,2,9,13,0.06,0,2,0,0,0,31,13,42%,0,4,2,132,4.13,5,14,1,0,28,4,6,5,5,1,1,,,,,,,,,,,
48,Anthony Elanga,2,1,1,1,0.50,1,0,0,0,0,2,1,50%,0,0,0,53,26.50,0,2,0,0,2,1,4,0,1,1,0,,,,,,,,,,,
49,Indiana Vassilev,4,0,1,2,0.00,0,0,0,0,0,1,0,0%,0,0,0,11,2.75,0,0,0,0,0,2,0,0,0,0,0,,,,,,,,,,,
50,Samuel Edozie,0,0,0,0,0.00,0,0,0,0,0,0,0,0%,0,0,0,0,0.00,0,0,0,0,0,0,0,0,0,0,0,,,,,,,,,,,
51,Stipe Perica,0,0,0,0,0,0,0,0,0,0,0,0,0%,0,0,0,0,0,0,0,0,0,0,0,0,0,0,0,0,,,,,,,,,,,
52,Olivier Giroud,255,90,141,59,0.35,32,8,50,2,0,577,223,39%,20,88,28,"4,937",19.36,41,92,19,2,238,126,149,108,69,188,124,,,,,,,,,,,
53,Amad Diallo,3,0,1,1,3,0,0,0,0,0,1,1,100%,0,0,1,63,21.00,1,0,0,0,2,0,3,0,0,1,0,,,,,,,,,,,
54,Michael Obafemi,32,4,12,14,0.13,0,3,1,0,0,20,8,40%,0,4,3,168,5.25,3,4,2,0,14,4,9,7,7,0,0,,,,,,,,,,,
55,Cengiz Ünder,9,0,2,6,0.00,0,0,0,0,0,9,1,11%,0,0,2,111,12.33,3,16,0,0,1,2,4,7,2,0,0,,,,,,,,,,,
56,Robert Street,0,0,0,0,0.00,0,0,0,0,0,0,0,0%,0,0,0,0,0.00,0,0,0,0,0,0,0,0,0,0,0,,,,,,,,,,,
57,Glenn Murray,148,37,44,61,0.25,10,23,4,10,0,201,86,43%,4,32,6,"1,966",13.28,12,34,20,1,225,117,64,35,18,86,54,,,,,,,,,,,
58,Christian Benteke,262,82,82,123,0.31,32,39,11,10,1,623,242,39%,18,88,22,"6,337",24.19,33,39,37,4,399,220,96,129,31,262,190,,,,,,,,,,,
59,Joel Mumbongo,4,0,0,3,0.00,0,0,0,0,0,0,0,0%,0,0,0,5,1.25,0,0,1,0,1,1,0,0,0,0,0,,,,,,,,,,,
60,Theo Corbeanu,1,0,0,1,1,0,0,0,0,0,0,0,0%,0,0,0,2,2.00,0,1,0,0,0,0,2,0,1,0,0,,,,,,,,,,,
61,Riyad Mahrez,231,67,121,63,0.29,4,10,52,8,3,491,209,43%,13,34,47,"7,105",30.76,91,833,7,0,131,53,233,145,149,54,22,,,,,,,,,,,
62,Abdallah Dipo Sima,0,0,0,0,0.00,0,0,0,0,0,0,0,0%,0,0,0,0,0.00,0,0,0,0,0,0,0,0,0,0,0,,,,,,,,,,,
63,Jay Rodriguez,213,42,61,89,0.20,9,25,7,2,0,415,151,36%,10,38,14,"3,120",14.65,17,139,14,0,188,114,181,100,84,116,80,,,,,,,,,,,
64,Reiss Nelson,23,1,10,7,0.04,0,1,0,0,0,15,4,27%,0,0,0,315,13.70,0,36,1,0,10,4,17,6,7,3,0,,,,,,,,,,,
65,Tyreece John-Jules,0,0,0,0,0.00,0,0,0,0,0,0,0,0%,0,0,0,0,0.00,0,0,0,0,0,0,0,0,0,0,0,,,,,,,,,,,
66,Jean-Philippe Mateta,8,1,1,6,0.13,0,1,0,0,0,4,2,50%,0,0,0,56,7.00,0,1,0,0,3,5,1,1,0,2,1,,,,,,,,,,,
67,Jadon Sancho,6,0,4,0,0.00,0,0,0,0,0,3,1,33%,0,1,0,147,24.50,0,4,0,0,1,2,1,1,1,0,0,,,,,,,,,,,
68,Danny Welbeck,252,51,123,73,0.2,14,24,13,0,0,423,169,40%,10,62,21,"4,221",16.75,28,41,13,0,142,42,254,109,163,125,70,,,,,,,,,,,
69,Ollie Watkins,42,15,18,17,0.36,3,8,4,1,0,110,52,47%,7,15,5,877,20.88,8,26,2,1,50,35,29,30,8,25,19,,,,,,,,,,,
70,Teemu Pukki,43,13,5,31,0.30,0,11,2,3,0,92,39,42%,1,12,3,635,14.77,4,11,3,0,28,18,18,29,8,7,2,,,,,,,,,,,
71,Folarin Balogun,2,0,0,2,0.00,0,0,0,0,0,3,0,0%,0,0,0,9,4.50,0,0,0,0,0,1,1,0,0,1,1,,,,,,,,,,,
72,Iké Ugbo,0,0,0,0,0.00,0,0,0,0,0,0,0,0%,0,0,0,0,0.00,0,0,0,0,0,0,0,0,0,0,0,,,,,,,,,,,
73,Cenk Tosun,54,10,15,22,0.19,5,3,2,0,0,71,30,42%,0,6,3,633,11.72,4,15,4,0,51,19,23,12,6,16,11,,,,,,,,,,,
74,Dominic Calvert-Lewin,150,43,59,57,0.29,18,20,5,2,0,281,125,44%,5,48,9,"2,286",15.24,10,56,20,0,178,53,60,46,38,119,97,,,,,,,,,,,
75,Joshua Sargent,6,0,0,5,0.00,0,0,0,0,0,4,0,0%,0,0,0,60,10.00,0,3,0,0,2,1,3,2,3,3,1,,,,,,,,,,,
76,Sebastian Soto,0,0,0,0,0.00,0,0,0,0,0,0,0,0%,0,0,0,0,0.00,0,0,0,0,0,0,0,0,0,0,0,,,,,,,,,,,
77,Viktor Gyökeres,0,0,0,0,0.00,0,0,0,0,0,0,0,0%,0,0,0,0,0.00,0,0,0,0,0,0,0,0,0,0,0,,,,,,,,,,,
78,Joe Hugill,0,0,0,0,0.00,0,0,0,0,0,0,0,0%,0,0,0,0,0.00,0,0,0,0,0,0,0,0,0,0,0,,,,,,,,,,,
79,Mbwana Samatta,14,1,2,8,0.07,1,0,0,0,0,17,3,18%,0,3,0,172,12.29,1,3,1,0,9,8,6,5,1,6,2,,,,,,,,,,,
80,Harry Kane,251,166,139,60,0.66,26,104,35,24,1,931,413,44%,31,101,34,"5,412",21.56,49,219,29,0,240,175,163,220,70,190,147,,,,,,,,,,,
81,Aaron Connolly,43,5,11,19,0.12,0,5,0,0,0,62,23,37%,0,11,2,243,5.65,1,11,0,0,22,22,13,17,0,4,3,,,,,,,,,,,
82,Gabriel Jesus,138,52,104,18,0.38,9,27,16,2,0,291,140,48%,8,65,25,"2,763",20.02,23,42,14,0,116,75,78,63,43,21,14,,,,,,,,,,,
83,Kenedy,54,4,18,23,0.07,0,0,4,0,0,70,14,20%,5,4,3,"1,132",20.96,4,80,2,0,42,7,78,28,61,34,13,,,,,,,,,,,
84,Morgan Rogers,0,0,0,0,0.00,0,0,0,0,0,0,0,0%,0,0,0,0,0.00,0,0,0,0,0,0,0,0,0,0,0,,,,,,,,,,,
85,Xande Silva,1,0,0,1,0.00,0,0,0,0,0,2,0,0%,0,0,0,4,4.00,0,0,0,0,0,0,0,2,0,0,0,,,,,,,,,,,
86,Taiwo Awoniyi,0,0,0,0,0.00,0,0,0,0,0,0,0,0%,0,0,0,0,0.00,0,0,0,0,0,0,0,0,0,0,0,,,,,,,,,,,
87,Alex Gilbert,0,0,0,0,0.00,0,0,0,0,0,0,0,0%,0,0,0,0,0.00,0,0,0,0,0,0,0,0,0,0,0,,,,,,,,,,,
88,José Izquierdo,48,5,13,20,0.10,0,5,0,0,0,68,20,29%,0,3,4,735,15.31,4,29,3,0,26,18,38,19,21,32,11,,,,,,,,,,,
89,Carlos Vinícius,9,1,5,2,0.11,0,1,0,0,0,7,4,57%,0,1,0,46,5.11,0,2,2,0,11,2,3,1,2,5,4,,,,,,,,,,,
90,Ivan Toney,9,2,3,1,0.22,0,2,0,1,0,16,5,31%,0,0,2,168,18.67,4,4,1,0,14,5,6,2,3,7,6,,,,,,,,,,,
91,Andi Zeqiri,9,0,4,2,0.00,0,0,0,0,0,7,2,29%,0,1,0,38,4.22,0,6,0,0,2,0,3,3,0,2,1,,,,,,,,,,,
92,Jeremy Sarmiento,0,0,0,0,0.00,0,0,0,0,0,0,0,0%,0,0,0,0,0.00,0,0,0,0,0,0,0,0,0,0,0,,,,,,,,,,,
93,Joelinton,76,6,20,33,0.08,0,4,2,1,0,104,40,38%,1,13,5,"1,542",20.29,7,22,10,0,60,27,71,22,28,55,36,,,,,,,,,,,
94,João Pedro,5,0,0,4,0.00,0,0,0,0,0,2,0,0%,0,0,0,26,5.20,0,4,0,0,2,0,0,1,0,1,0,,,,,,,,,,,
95,Evan Ferguson,0,0,0,0,0.00,0,0,0,0,0,0,0,0%,0,0,0,0,0.00,0,0,0,0,0,0,0,0,0,0,0,,,,,,,,,,,
96,Michail Antonio,165,51,63,61,0.31,20,24,8,1,0,388,150,39%,19,45,22,"3,257",19.74,28,357,18,2,189,77,134,91,132,131,64,137,519,395,21%,"1,303","1,117",2,550,351,71%,18
97,Cucho Hernández,4,1,1,3,0.25,0,1,0,0,0,4,2,50%,0,0,0,44,11.00,0,3,0,0,0,0,2,0,1,0,0,,,,,,,,,,,
98,Leon Bailey,3,1,1,2,0.33,0,0,1,0,0,3,1,33%,0,0,1,15,5.00,0,8,1,0,1,0,1,1,0,0,0,,,,,,,,,,,
99,Steven Alzate,36,1,9,15,0.03,0,1,0,0,0,20,5,25%,0,1,0,"1,091",30.31,1,11,3,0,39,4,52,10,22,21,16,,,,,,,,,,,
100,Joshua King,178,48,51,86,0.27,1,38,9,12,0,278,111,40%,6,22,16,"3,267",18.35,37,167,8,0,238,43,164,69,49,93,60,,,,,,,,,,,
101,Sam Dalby,0,0,0,0,0,0,0,0,0,0,0,0,0%,0,0,0,0,0,0,0,0,0,0,0,0,0,0,0,0,,,,,,,,,,,
102,Thomas Dickson-Peters,0,0,0,0,0.00,0,0,0,0,0,0,0,0%,0,0,0,0,0.00,0,0,0,0,0,0,0,0,0,0,0,,,,,,,,,,,
103,Ashley Barnes,184,41,51,85,0.22,6,30,5,6,0,319,119,37%,6,32,6,"2,861",15.55,11,70,38,2,326,113,120,65,39,123,76,,,,,,,,,,,
104,Sam Greenwood,0,0,0,0,0.00,0,0,0,0,0,0,0,0%,0,0,0,0,0.00,0,0,0,0,0,0,0,0,0,0,0,,,,,,,,,,,
105,Michael Tait,0,0,0,0,0.00,0,0,0,0,0,0,0,0%,0,0,0,0,0.00,0,0,0,0,0,0,0,0,0,0,0,,,,,,,,,,,
106,Troy Deeney,165,47,48,82,0.28,9,35,3,18,0,283,118,42%,2,32,20,"4,216",25.55,34,75,21,2,196,78,127,78,54,174,126,,,,,,,,,,,
107,Timo Werner,41,7,23,9,0.17,1,5,1,0,0,89,37,42%,5,20,9,838,20.44,10,43,3,0,31,29,22,24,8,8,3,,,,,,,,,,,
108,Hwang Hee-Chan,4,3,3,1,0.75,0,1,2,0,0,5,3,60%,0,1,0,68,17.00,1,1,0,0,4,2,3,2,2,2,1,,,,,,,,,,,
109,Saïd Benrahma,37,4,19,11,0.11,1,3,0,0,0,56,20,36%,0,3,8,719,19.43,7,65,0,0,16,4,35,15,10,5,0,,,,,,,,,,,
110,Patson Daka,1,0,0,1,0.00,0,0,0,0,0,0,0,0%,0,0,0,1,1.00,0,0,0,0,1,0,1,0,0,0,0,,,,,,,,,,,
111,Dilan Markanday,0,0,0,0,0.00,0,0,0,0,0,0,0,0%,0,0,0,0,0.00,0,0,0,0,0,0,0,0,0,0,0,,,,,,,,,,,
112,Patrick Cutrone,14,2,5,4,0.14,0,1,1,0,0,12,4,33%,0,2,0,61,4.36,1,6,0,0,5,4,4,3,2,1,1,,,,,,,,,,,
113,Ashley Fletcher,16,0,7,7,0.00,0,0,0,0,0,9,5,56%,0,1,0,91,5.69,0,6,2,0,9,1,3,0,0,3,3,,,,,,,,,,,
114,Willian José,17,1,6,7,0.06,0,1,0,0,0,19,7,37%,0,2,0,298,17.53,1,6,0,0,8,2,2,3,1,12,6,,,,,,,,,,,
115,Trincão,6,0,2,4,0.00,0,0,0,0,0,15,7,47%,1,4,0,141,23.50,1,10,0,0,4,0,5,3,7,0,0,,,,,,,,,,,
116,Caleb Chukwuemeka,0,0,0,0,0.00,0,0,0,0,0,0,0,0%,0,0,0,0,0.00,0,0,0,0,0,0,0,0,0,0,0,,,,,,,,,,,
117,Sergio Agüero,275,184,186,45,0.67,19,130,34,27,0,"1,015",423,42%,34,128,47,"6,305",22.93,62,177,23,1,169,195,154,232,75,14,3,,,,,,,,,,,
118,Bernard,73,5,25,33,0.07,0,5,0,0,0,41,12,29%,2,5,5,"1,598",21.89,7,101,9,0,42,2,89,16,51,24,5,,,,,,,,,,,
119,Kelechi Iheanacho,149,34,55,58,0.23,5,5,23,0,0,198,83,42%,2,26,16,"1,897",12.73,23,41,7,0,108,39,52,61,14,23,14,,,,,,,,,,,
120,Emmanuel Dennis,7,2,2,4,0.29,1,1,0,0,0,16,7,44%,0,0,1,124,17.71,0,7,4,0,20,1,15,6,3,1,0,,,,,,,,,,,
121,Ademipo Odubeko,0,0,0,0,0.00,0,0,0,0,0,0,0,0%,0,0,0,0,0.00,0,0,0,0,0,0,0,0,0,0,0,,,,,,,,,,,
122,Patrick Bamford,70,19,21,36,0.27,3,2,14,2,0,139,59,42%,5,24,9,767,10.96,6,13,5,0,59,27,36,26,17,51,36,,,,,,,,,,,
123,Pierre-Emerick Aubameyang,120,66,57,38,0.55,4,52,10,9,1,289,128,44%,11,46,15,"2,531",21.09,19,189,5,1,46,75,74,71,32,53,16,,,,,,,,,,,
124,Alireza Jahanbakhsh,50,2,10,26,0.04,0,2,0,0,0,51,11,22%,3,2,1,621,12.42,8,77,5,0,28,7,49,17,22,4,0,,,,,,,,,,,
125,Allan Saint-Maximin,58,8,20,23,0.14,1,6,1,0,0,90,40,44%,2,8,11,"1,043",17.98,18,83,1,0,30,16,33,29,13,6,1,,,,,,,,,,,
126,Marcus Forss,1,0,1,0,0.00,0,0,0,0,0,0,0,0%,0,0,0,2,2.00,0,1,0,0,0,0,0,0,0,0,0,,,,,,,,,,,
127,Andriy Yarmolenko,53,7,17,20,0.13,0,0,7,0,0,44,18,41%,1,3,2,762,14.38,8,49,7,0,32,14,23,10,9,8,3,,,,,,,,,,,
128,Percy Tau,3,0,1,1,0.00,0,0,0,0,0,0,0,0%,0,0,1,31,10.33,1,2,0,0,0,0,1,0,0,0,0,,,,,,,,,,,
129,Matej Vydra,90,9,16,49,0.10,0,6,3,0,0,76,32,42%,1,17,8,611,6.79,7,15,1,0,18,24,21,13,11,22,13,,,,,,,,,,,
130,Armando Broja,5,0,1,1,0.00,0,0,0,0,0,3,1,33%,1,0,0,19,3.80,0,1,0,0,1,0,1,1,0,1,0,,,,,,,,,,,
131,Alexandre Lacazette,130,50,58,41,0.38,5,38,7,5,1,246,120,49%,5,40,18,"2,524",19.42,17,63,14,0,161,69,108,49,42,60,44,,,,,,,,,,,
132,Josh Martin,5,0,0,5,0.00,0,0,0,0,0,1,1,100%,0,0,0,15,3.00,0,0,0,0,1,0,1,0,1,0,0,,,,,,,,,,,
133,Christos Tzolis,3,0,0,3,3,0,0,0,0,0,0,0,0%,0,0,0,35,11.67,0,5,0,0,1,1,2,0,0,1,0,,,,,,,,,,,
134,Michy Batshuayi,77,15,41,26,0.19,1,8,6,0,0,84,31,37%,1,12,4,584,7.58,2,8,0,0,36,40,18,24,10,10,8,,,,,,,,,,,
135,Marco Stiepermann,24,0,3,18,0.00,0,0,0,0,0,19,6,32%,1,0,0,404,16.83,1,6,6,0,22,0,20,7,5,16,12,,,,,,,,,,,
136,William Smallbone,12,0,5,4,0.00,0,0,0,0,0,7,1,14%,1,0,2,279,23.25,0,10,0,0,5,0,16,2,3,2,1,,,,,,,,,,,
137,Isaac Price,0,0,0,0,0.00,0,0,0,0,0,0,0,0%,0,0,0,0,0.00,0,0,0,0,0,0,0,0,0,0,0,,,,,,,,,,,
138,Jordan Ayew,177,26,46,90,0.15,4,18,4,2,0,260,87,33%,8,16,12,"3,765",21.27,12,192,22,2,273,48,273,91,97,69,43,,,,,,,,,,,
139,Ellis Simms,0,0,0,0,0.00,0,0,0,0,0,0,0,0%,0,0,0,0,0.00,0,0,0,0,0,0,0,0,0,0,0,,,,,,,,,,,
140,Eddie Nketiah,38,5,15,16,0.13,0,3,2,0,0,31,12,39%,4,3,1,258,6.79,2,3,0,1,28,5,12,8,2,11,5,,,,,,,,,,,
141,Che Adams,71,13,24,32,0.18,0,12,1,0,0,98,44,45%,2,25,8,937,13.20,16,19,1,0,59,31,37,25,7,30,15,,,,,,,,,,,
142,Pablo Moreno,0,0,0,0,0.00,0,0,0,0,0,0,0,0%,0,0,0,0,0.00,0,0,0,0,0,0,0,0,0,0,0,,,,,,,,,,,
143,Fábio Silva,36,4,9,21,0.11,0,3,1,1,0,49,18,37%,2,4,3,328,9.11,1,5,2,0,20,6,6,16,4,5,3,,,,,,,,,,,
144,Anthony Martial,172,56,89,39,0.33,5,40,11,2,0,314,146,46%,5,36,26,"4,227",24.58,39,208,8,1,140,66,79,81,30,65,35,,,,,,,,,,,
145,Joel Valencia,0,0,0,0,0.00,0,0,0,0,0,0,0,0%,0,0,0,0,0.00,0,0,0,0,0,0,0,0,0,0,0,,,,,,,,,,,
146,Mungo Bridge,0,0,0,0,0.00,0,0,0,0,0,0,0,0%,0,0,0,0,0.00,0,0,0,0,0,0,0,0,0,0,0,,,,,,,,,,,
147,Cameron Archer,2,0,1,1,0.00,0,0,0,0,0,0,0,0%,0,0,0,0,0.00,0,0,0,0,0,0,0,0,0,0,0,,,,,,,,,,,
148,Edinson Cavani,29,10,14,5,0.34,6,3,1,0,0,36,16,44%,0,8,3,368,12.69,5,5,4,0,21,6,12,8,6,11,8,,,,,,,,,,,
149,Gareth Bale,166,53,71,50,0.32,6,6,40,0,3,473,180,38%,18,23,22,"5,029",30.30,34,"1,061",16,1,95,35,237,119,248,309,87,,,,,,,,,,,
150,Florin Andone,26,4,5,14,0.15,2,2,0,0,0,20,9,45%,0,3,0,177,6.81,0,5,5,1,30,4,11,6,3,13,6,,,,,,,,,,,
151,Connor Wickham,120,19,29,59,0.16,4,10,5,1,0,189,59,31%,6,12,7,"2,003",16.69,5,112,11,0,147,26,93,56,53,109,63,,,,,,,,,,,
152,Ferran Torres,28,9,19,6,0.32,1,5,3,0,0,49,19,39%,0,6,3,476,17.00,2,37,1,0,17,6,14,16,3,7,3,,,,,,,,,,,
153,Joe Gelhardt,0,0,0,0,0.00,0,0,0,0,0,0,0,0%,0,0,0,0,0.00,0,0,0,0,0,0,0,0,0,0,0,,,,,,,,,,,
154,Alex Iwobi,161,13,75,52,0.08,2,10,1,0,0,178,69,39%,4,12,19,"4,607",28.61,27,223,2,0,56,6,131,55,63,51,21,,,,,,,,,,,
155,Wilfried Zaha,252,49,80,109,0.19,1,40,8,4,0,402,140,35%,10,36,27,"5,482",21.75,41,592,40,1,325,102,326,133,132,35,10,,,,,,,,,,,
156,Callum Hudson-Odoi,59,3,31,16,0.05,0,3,0,0,0,54,14,26%,2,2,9,"1,256",21.29,12,151,1,0,24,13,42,28,15,11,3,,,,,,,,,,,
157,Troy Parrott,2,0,1,1,0.00,0,0,0,0,0,0,0,0%,0,0,0,4,2.00,0,0,0,0,0,0,0,0,0,0,0,,,,,,,,,,,
158,Nicolas Pépé,65,15,27,21,0.23,0,3,12,2,0,110,44,40%,8,7,8,"1,482",22.80,10,194,5,1,31,10,56,23,25,18,11,,,,,,,,,,,
159,Sergi Canós,8,1,3,1,0.13,0,1,0,0,0,7,3,43%,0,0,0,151,18.88,1,28,2,0,9,0,21,3,10,13,4,,,,,,,,,,,
160,Demarai Gray,140,13,57,51,0.09,0,9,3,0,0,152,51,34%,2,9,10,"2,071",14.79,14,282,7,0,41,13,85,51,45,46,11,,,,,,,,,,,
161,Bryan Gil,4,0,2,2,0.00,0,0,0,0,0,0,0,0%,0,0,0,25,6.25,0,1,0,0,1,0,0,0,0,0,0,,,,,,,,,,,
162,Rafa Mir,0,0,0,0,0,0,0,0,0,0,0,0,0%,0,0,0,0,0.00,0,0,0,0,0,0,0,0,0,0,0,,,,,,,,,,,
163,Aaron Pressley,0,0,0,0,0,0,0,0,0,0,0,0,0%,0,0,0,0,0,0,0,0,0,0,0,0,0,0,0,0,,,,,,,,,,,
164,Roberto Firmino,216,67,134,31,0.31,16,35,15,2,0,506,217,43%,13,64,42,"7,503",34.74,60,175,9,0,228,64,293,145,85,73,54,,,,,,,,,,,
165,Brad Young,0,0,0,0,0.00,0,0,0,0,0,0,0,0%,0,0,0,0,0.00,0,0,0,0,0,0,0,0,0,0,0,,,,,,,,,,,
166,Takumi Minamino,29,3,14,10,0.10,0,2,1,0,0,28,10,36%,0,4,0,493,17.00,1,14,1,0,18,2,14,11,6,15,1,,,,,,,,,,,
167,Bertrand Traoré,50,9,17,22,0.18,0,2,7,0,0,85,29,34%,2,4,7,859,17.18,7,107,1,0,34,12,36,32,17,15,5,,,,,,,,,,,
168,Leandro Trossard,73,11,18,28,0.15,0,8,3,0,0,117,40,34%,7,13,9,"1,952",26.74,11,170,3,0,49,12,69,30,37,9,4,,,,,,,,,,,
169,Romelu Lukaku,258,116,116,81,0.45,23,33,58,6,1,698,322,46%,23,88,35,"5,780",22.4,41,291,19,0,192,194,67,167,13,115,82,,,,,,,,,,,
170,Nathan Broadhead,1,0,0,0,0.00,0,0,0,0,0,0,0,0%,0,0,0,2,2.00,0,0,0,0,0,0,1,0,0,0,0,,,,,,,,,,,
171,Rodrigo,49,8,18,23,0.16,2,1,5,0,0,75,27,36%,5,2,3,869,17.73,10,52,5,0,29,6,33,21,18,22,14,,,,,,,,,,,
172,Wesley,25,5,7,14,0.20,0,5,0,0,0,36,19,53%,1,5,1,373,14.92,1,7,3,0,44,14,15,8,4,23,18,,,,,,,,,,,
173,Louie Barry,0,0,0,0,0.00,0,0,0,0,0,0,0,0%,0,0,0,0,0.00,0,0,0,0,0,0,0,0,0,0,0,,,,,,,,,,,
174,Adam Idah,17,0,0,15,0.00,0,0,0,0,0,8,3,38%,1,1,0,60,3.53,0,2,0,0,2,1,3,1,1,2,1,,,,,,,,,,,
175,Liam Delap,1,0,0,1,0.00,0,0,0,0,0,1,0,0%,1,0,0,6,6.00,0,0,0,0,1,0,0,0,0,0,0,,,,,,,,,,,
